{"cameraMode":{"drawMode":0,"name":"Shaded","section":"Shading Mode"},"sceneLighting":true,"audioPlay":false,"sceneViewState":{"m_AlwaysRefresh":false,"showFog":true,"showSkybox":true,"showFlares":true,"showImageEffects":true,"showParticleSystems":true,"showVisualEffectGraphs":true,"m_FxEnabled":true},"in2DMode":false,"pivot":{"x":-0.014417409896850586,"y":0.00000286102294921875,"z":0.014518022537231446},"rotation":{"x":-0.08780317008495331,"y":0.8984679579734802,"z":-0.21018989384174348,"w":-0.37531933188438418},"size":7.546701908111572,"orthographic":false}